{"cameraMode":{"drawMode":0,"name":"Shaded","section":"Shading Mode"},"sceneLighting":true,"audioPlay":false,"sceneViewState":{"showFog":false,"showMaterialUpdate":false,"showSkybox":false,"showFlares":false,"showImageEffects":false,"showParticleSystems":false},"in2DMode":false,"pivot":{"x":-6.971752643585205,"y":-12.540789604187012,"z":-5.359463691711426},"rotation":{"x":0.20064842700958253,"y":-0.6471915245056152,"z":0.18225499987602235,"w":0.7125072479248047},"size":20.360671997070314,"orthographic":false}